ADUsername,EmailAddress,LineUri,ExtensionNumbers,PhoneNumber,LocationPolicy,DialPlanPolicy,VoicePolicy,ConferencingPolicy,ExternalPolicy,ClientPolicy,Pool
JonesT,tom.jones@lyncsorted.co.nz,tel:+6433503001;ext=3001,3001,+64 (3) 3503001,Christchurch,"NZ, South Island (643)",NZ-National,General,"Federation, no Remote",PhotoControl,lyncFEPool01.lyncsorted.co.nz
NasrallaN,Neil.Nasralla@lyncsorted.co.nz,tel:+6433503002;ext=3002,3002,+64 (3) 3503002,Christchurch,"NZ, South Island (643)",NZ-National,General,Full Remote Access,Global,lyncFEPool01.lyncsorted.co.nz
BlairD,David.Blair@lyncsorted.co.nz,tel:+6433503003;ext=3003,3003,+64 (3) 3503003,Christchurch,"NZ, South Island (643)",NZ-International,FullConferencing,Full Remote Access,Global,lyncFEPool01.lyncsorted.co.nz
StewartM,michael.stewart@lyncsorted.co.nz,tel:+6445724010;ext=4010,4010,+64 (4) 5724010,Wellington,"NZ, Lower North Island (644)",NZ-National,General,Full Remote Access,Global,lyncFEPool01.lyncsorted.co.nz
FalconeA,alistair.falconer@lyncsorted.co.nz,tel:+6445724011;ext=4011,4011,+64 (4) 5724011,Wellington,"NZ, Lower North Island (644)",NZ-National,AudioOnly,"Remote, no Federation",Global,lyncFEPool01.lyncsorted.co.nz
DawsonP,peter.dawson@lyncsorted.co.nz,tel:+6445724012;ext=4012,4012,+64 (4) 5724012,Wellington,"NZ, Lower North Island (644)",NZ-Wellington-Regional,General,Full Remote Access,Global,lyncFEPool01.lyncsorted.co.nz
HickforV,vaughan.hickford@lyncsorted.co.nz,tel:+6445724013;ext=4013,4013,+64 (4) 5724013,Wellington,"NZ, Lower North Island (644)",NZ-National,FullConferencing,Full Remote Access,Global,lyncFEPool01.lyncsorted.co.nz
McCrackN,neil.mccracken@lyncsorted.co.nz,tel:+6499702701;ext=5701,5701,+64 (9) 9702701,Auckland,"NZ, Upper North Island (649)",NZ-National,General,Full Remote Access,Hotdesking,lyncFEPool02.lyncsorted.co.nz
McGawC,Chris.McGaw@lyncsorted.co.nz,tel:+6499702702;ext=5702,5702,+64 (9) 9702702,Auckland,"NZ, Upper North Island (649)",NZ-National,General,Full Remote Access,Global,lyncFEPool02.lyncsorted.co.nz
OsmanA,Ahmed.Osman@lyncsorted.co.nz,tel:+6499702703;ext=5703,5703,+64 (9) 9702703,Auckland,"NZ, Upper North Island (649)",NZ-National,General,Full Remote Access,Global,lyncFEPool02.lyncsorted.co.nz
LongI,Ian.Long@lyncsorted.co.nz,tel:+6499702704;ext=5704,5704,+64 (9) 9702704,Auckland,"NZ, Upper North Island (649)",NZ-Auckland-Regional,No Conferencing,No External Access,CommonAreaPhones,lyncFEPool02.lyncsorted.co.nz
